ventana,acc_x__mean,acc_x__var,acc_x__std,acc_x__skew,acc_x__kurtosis,acc_y__mean,acc_y__var,acc_y__std,acc_y__skew,acc_y__kurtosis,acc_z__mean,acc_z__var,acc_z__std,acc_z__skew,acc_z__kurtosis,gyro_x__mean,gyro_x__var,gyro_x__std,gyro_x__skew,gyro_x__kurtosis,gyro_y__mean,gyro_y__var,gyro_y__std,gyro_y__skew,gyro_y__kurtosis,gyro_z__mean,gyro_z__var,gyro_z__std,gyro_z__skew,gyro_z__kurtosis
1,0.823896484375,0.007462881660461425,0.08638797173485106,-0.34853287611593775,-1.3116890472683673,-0.111728515625,0.0033739227294921864,0.05808547778483178,0.44970677924459723,-0.9986689045616095,-0.5903076171875,0.027728769183158867,0.16651957597579592,0.03916919317845805,-0.9429817446802895,1.32,288.3075218749999,16.97962078124832,0.05875826766573185,-1.380404835090546,-10.499375,848.7756636718753,29.133754712907763,0.015413440858512447,-1.0196091278796255,35.33375,710.7131421874997,26.659203705052775,0.03625109333513562,-1.2858193370702462
2,0.67040771484375,0.07126309930682187,0.26695149242291544,0.7600220334851034,-0.8611863658083632,-0.0772216796875,0.036928928494453436,0.19216901023435967,0.09435015671688307,-1.2960771429144635,0.57322021484375,0.3069505335032938,0.5540311665450725,-0.6945969035253843,-1.1524939423744422,-19.8975,237.6959781249999,15.417392066267235,-0.039507701239400235,-1.0340784476349631,108.645,837.0697562500004,28.93215782222267,-0.8349377523654397,-0.5162516565352826,1.921875,1123.456279296875,33.51799933314748,-0.3024132678406598,-1.09807146907382
3,0.87105224609375,0.027072298592329017,0.16453661778561335,0.16501111110290972,-1.2809518029095288,-0.2533984375,0.028995875930786133,0.17028175454459626,0.31356554775033135,-0.6889116583760115,0.43451171875,0.025327514553070064,0.15914620495968498,0.08613708734142848,-1.1488622423832122,15.9925,91.42681875000004,9.561737224479662,-0.5412584475757026,-1.194385185722513,-26.954375,547.3170199218748,23.39480754188576,1.4576870670568232,1.6037040177580861,10.559375,614.2411230468748,24.783888376259178,-0.3856766816637943,0.01317517844989391
4,0.77626953125,0.018617007732391375,0.13644415609468724,0.9354241578704331,-0.6954932855127414,-0.0788525390625,0.030679388022422805,0.17515532541839202,0.9767431878447869,-0.19668182940003076,0.5142236328125,0.027759515786170984,0.16661187168437602,-0.272913756627116,-0.7428159931710336,30.178125,336.979716796875,18.35700729413362,-0.3385624083496674,-1.3245277047430406,-50.195625,77.06262929687499,8.778532297421647,0.3941294457746629,-0.19514390725774078,3.30875,1115.3209234375001,33.396420817768785,-0.4224946221368109,-0.9115487586422679
5,1.01070556640625,0.02182964488863945,0.14774858675682637,-0.8180612152526291,-0.16953925189072505,-0.15970458984375,0.009656960219144826,0.09826983371892326,0.2797063083405135,-1.324532599765034,-0.53759521484375,0.1386140602767468,0.3723090923906463,0.5637491586610563,-1.3101208424343949,-5.155625,499.13222617187495,22.341267335849032,0.5787069607821871,-0.816069646233331,-21.195625,1008.8557542968751,31.762489737060523,0.28308440830972426,-1.641052066977769,-52.116875,418.5788792968751,20.459200358197656,0.43993929979077767,-0.8945621633685392
6,1.289287109375,0.031218795394897452,0.17668841330120505,-0.1475108473040503,-1.2609687657376425,-0.2268603515625,0.01449290225505829,0.12038647039870506,-0.6670695444874818,-0.8715826624507241,-0.72001220703125,0.0220748568236828,0.14857609775358485,-0.18808901707332368,-1.0360243636669961,4.505,175.56505312499996,13.250096343989352,0.17116504173021146,-0.6079764848168572,-0.0575,854.9506781249997,29.23953963599632,-0.39292905863052435,-1.4700643390774084,20.045,923.4785999999999,30.388790696570997,0.49953742506241566,-0.5527840179461969
7,0.6819970703125,0.1787599020242691,0.4228000733494131,-0.367262292318014,-0.9677261080465018,-0.24760009765625,0.03707444555163382,0.19254725537289236,0.033763706294855124,-1.245920099300841,-0.52186767578125,0.18961369544863715,0.4354465471773053,0.49174700519416786,-0.6657555180693828,-34.028125,341.5295605468751,18.480518405793575,-0.23263245790882295,-1.2041093914826533,-9.0675,2334.2348187499992,48.313919513428004,0.7356795079183228,-0.4141482054679222,57.766875,389.557488671875,19.73721076220941,-0.43785958237014344,-0.3683209204117799
8,0.7688671875,0.06029020557403561,0.24554063935331685,-0.9398077426157029,-0.558673356699265,-0.144482421875,0.024208097457885748,0.15558951589964456,0.2569858322661625,-0.42088739386384777,0.81756103515625,0.044033977812528595,0.2098427454369786,0.40850033066560715,-1.125354268086746,-15.518125,470.5137730468752,21.691329443970815,0.25926013606174647,-1.1873908001152,98.596875,2017.6658886718753,44.91843595531656,-0.4856100696313229,-0.7370472904173071,-1.559375,2192.326826171877,46.82228984332011,-0.12528085291948693,-0.2780080464687127
9,0.84435546875,0.00870657501220703,0.09330902963918888,0.3276661218850521,-1.334080516104583,-0.2392724609375,0.027466865563392638,0.1657313053209702,1.2554154356673382,1.8639218898968721,0.54706787109375,0.0393052319228649,0.19825547135669397,0.7429843174705074,-0.45865152403356424,28.57625,133.86590468749998,11.570043417701594,1.0369915467947617,1.466132492872429,-48.07375,1212.5137015625003,34.82116743537615,-0.7298910811603048,-0.5638487272931223,-25.103125,528.170263671875,22.981955175134143,-1.1707824706278507,0.5448027622099354
10,0.63171630859375,0.015309686058759691,0.12373231614562014,0.5982281700027466,-0.9540769194238705,-0.195712890625,0.035061240816116335,0.18724647077079007,0.5741907153434438,0.777539370840802,-0.01552490234375,0.11302270662188527,0.33618849864605016,-0.06303319075961776,-1.2141486838131854,35.035,983.0558843749996,31.353722017888078,-0.00014371867593428333,-0.7645916400370067,-69.96125,275.8194359375,16.60781249705993,-0.07909471378308185,-1.2730097247437504,-36.946875,1721.471669921873,41.49062146945829,1.0061842210603138,-0.25170837810062796
11,1.2070654296875,0.06746359946727751,0.25973755883059635,-0.015262382677048734,-1.1775597840812357,-0.0003564453125,0.024603505635261546,0.1568550465725013,0.6367539484705522,-1.1508951569843822,-0.7712158203125,0.02725082218647004,0.16507823050441886,0.37376339343652315,-1.4316601694099123,-10.0525,165.24294687499997,12.854685794487548,0.4519052413076177,-0.9504478635900151,35.88,1247.8338031250014,35.32469112568433,-0.4770684005957626,-1.0013043645667556,-48.25375,473.31506406249986,21.755805295656142,1.308055069831766,1.5711530387705093
12,1.20915283203125,0.013110100859403609,0.11449934872916792,-0.14984579144641075,0.049204768064270876,-0.14528564453125,0.03191472184062003,0.1786469194825929,0.01005008023759599,-1.192098657502022,-0.7463525390625,0.018155456566810606,0.13474218555007414,-0.037096741908361895,-1.6686021095363694,24.46375,93.0017328125,9.643740602717392,0.5806397175999315,-1.0753667723261882,-21.20625,218.64097656250016,14.78651333352458,-0.34601516638789015,-0.39478731510481824,53.169375,115.53158554687506,10.748562022283496,-0.3853226297229916,-1.0495867963625567
13,0.6052099609375,0.22918534734249119,0.4787330648101207,-0.11872965106710824,-0.5419407705207213,-0.106103515625,0.03507847428321838,0.187292483253382,-0.14617383011171026,-1.6115815323120195,-0.05452880859375,0.6732554905116557,0.8205214747413109,0.3449246376830683,-1.0538242319776487,-29.175625,1166.6227886718757,34.15586023908453,0.06078975727398399,-1.2029054021269538,33.7425,5966.255959374999,77.24154296345328,-0.10130377115694254,-1.0747602017474471,38.818125,840.9412574218749,28.99898717924257,-0.205624820502363,-1.2460340544965427
14,0.916005859375,0.017757862710952747,0.13325863090604206,-0.04924644092201631,-0.3405676322706057,-0.05864990234375,0.020372947281599055,0.14273383369614598,0.19463619215361427,-0.9883540483731319,0.6496484375,0.07414289822578427,0.27229193566057786,0.8261487656893215,-0.021229814041046957,-13.445,327.283146875,18.090968654967043,0.04485318806466762,-1.6129759023538697,49.9875,1581.0122656249994,39.76194494268357,-0.03375753093580093,-1.5782724180701377,-30.343125,1271.8406636718746,35.662875145897516,-0.7970306494621452,-0.7080721976046389
15,0.85916015625,0.005497588253021241,0.07414572309325226,-0.17805473150806642,-1.0507053601698055,-0.06306396484375,0.022428782814741116,0.14976242123690814,0.46947411088228463,-1.0203807995392773,0.54912109375,0.03317978024482729,0.18215317797070488,-0.3955756524764025,-1.0567195693001579,16.58375,487.5924390625,22.081495399145865,0.2910538762109905,-1.539104704243829,-46.315,1076.5071031250002,32.81016767901377,-0.23647650612665366,-1.441354784585918,-17.185,595.5589000000001,24.40407547931288,0.17405169417942687,-1.4623173575905903
16,0.75317138671875,0.010631644123792645,0.10310986433796063,0.5323752354384638,-0.8032652187505929,-0.12011474609375,0.03682941853404045,0.19190992296919004,0.1029483199716443,-0.4902870374341237,-0.03932861328125,0.12572528612017625,0.35457761649627045,0.141194847630527,-1.433838997253447,33.899375,972.8260074218749,31.190158823287113,-0.5415508514483369,-1.043744239872562,-66.645,303.57670937500006,17.423452854557848,0.022295065581402665,-1.1668010958177655,7.54625,1212.4139546874999,34.81973513235705,-0.05094144254076439,-1.115292617913947
17,0.938212890625,0.0666926761627197,0.2582492520080546,0.4383549472702181,-1.0387187719519573,-0.0904541015625,0.023774375319480897,0.15418941377241466,-0.44698638304320154,-0.8528267221411832,-0.66419189453125,0.0022423558890819545,0.047353520345186105,1.0711601860683613,0.6295241952185338,-10.09,224.74760312499996,14.991584410094884,0.19864663468363097,-1.2961370448076954,28.849375,435.49156992187454,20.86843477412416,-1.0375884546305236,0.55795767144728,-58.203125,490.383310546875,22.144600031314067,-0.3672685627109121,-0.9491949576077392
18,1.28564453125,0.08189260959625244,0.28616884805347426,-1.035405072209973,-0.031133435299596002,-0.0519140625,0.015815052413940444,0.1257579119337644,0.3663620726426611,-0.7321541806150145,-0.77382568359375,0.018339581602811815,0.13542371137585846,-1.0931137126650026,0.44485523818973505,5.883125,66.61466054687502,8.161780476518283,0.17389618340401514,-0.47584383345711156,-20.69,1180.6580406249998,34.36070489127078,0.03962660995660317,-1.2206958682580582,40.4275,1393.756071875001,37.333042628146465,-1.4769904257281783,1.5263472562249003
19,0.75884033203125,0.039592117422819116,0.19897768071524785,-0.20663165730991975,-0.30018007551389303,-0.1182275390625,0.009619696879386894,0.09808005342263479,-0.32984441144089666,-1.0752857917591776,-0.30785400390625,0.18176867777705197,0.42634338012575257,0.020001425639773494,-1.092221777881264,-26.1625,1533.1485937500006,39.15544143219433,-0.1511035987106672,-1.0640590300447441,27.30625,571.1541796875001,23.898832182504236,-0.06343151061822895,-0.30789798129981527,15.50625,1434.1862890624993,37.87065208129508,-0.14825543513748968,-1.1521999620052543
20,0.859365234375,0.12096337666511532,0.3477978962919634,-0.32168157295265887,-0.8540803904582654,0.08900146484375,0.027279214113950723,0.16516420348837918,0.6352429097033568,-1.1198067933187856,0.75818115234375,0.09380182802081105,0.30627084095749474,0.27429897631957634,-1.416299989703946,-20.095,1436.390896875,37.89974797904334,-0.44134586241492,-1.344222179481036,75.469375,4096.045429296873,64.00035491539772,-0.17481430350599195,-1.4069876726033201,-6.5475,992.541025,31.504619105775586,0.3628533262509553,-0.7020843929604106
21,0.93979248046875,0.037050589197874066,0.19248529605628079,0.07843783901379789,-1.5913277246477944,-0.133916015625,0.01882007536888123,0.13718627981281958,0.08209131960917876,-0.9093840211982296,0.380693359375,0.05892591342926028,0.24274660333207607,0.667836484699746,-1.2455950327751657,6.87625,89.54859218749996,9.463011792632406,0.394899878197575,-1.2483531496604436,-16.85125,441.2256859375,21.00537278739656,-1.1596654399362125,0.12942262718686814,8.939375,714.501519921875,26.730161240102444,-0.12324945176502773,-0.7968665984058969
22,0.68526123046875,0.025293648308515534,0.15903976958143373,0.6583395074096166,-0.3615865140066594,-0.060185546875,0.018050277805328363,0.13435132230584246,0.22753989499058327,-0.6717618295154244,0.332939453125,0.15185544738769527,0.38968634488225945,0.15806071345242118,-1.1600130167324667,39.188125,58.62269492187498,7.656545887139643,-0.31266123088936915,-0.9641465591436589,-70.059375,297.353388671875,17.243937736835953,0.07527261394234386,-1.293229103184186,7.7925,1480.142881249999,38.47262508914616,0.2810336108312244,-1.3693712655779913
23,0.91783203125,0.021586438798904425,0.14692324118023134,-0.10580124064177115,-1.2319077197916302,-0.24460693359375,0.00389783989787102,0.06243268293026514,0.5222594487010525,-0.773248609686108,-0.56511962890625,0.0668202076613903,0.2584960496049994,-0.15057209484449452,-1.3964820180835031,-3.37875,290.35170468749993,17.03970964211245,0.5247141044580611,-1.3036625036301779,-42.319375,316.2860074218749,17.784431602440232,0.6877408086726591,-0.4878140339573087,-13.515625,259.654326171875,16.113793041114654,0.5613494287862244,-0.8327368542884837
24,1.09744873046875,0.02663970991969109,0.1632167574720534,-1.1267746157051959,-0.026718903710030162,-0.1276806640625,0.008945882296562197,0.09458267439950192,-0.7984378882304628,-0.3132221511226714,-0.684638671875,0.013828921413421635,0.11759643452682413,-0.280084105014579,-1.1512442343381033,-3.621875,81.69877929687496,9.038737704838821,-1.0996225537934392,0.2963690000869952,10.7,402.3378125000001,20.058360164779177,-0.863796393519325,-0.3253287863988277,-7.47125,945.5107359374996,30.749158296407067,-0.7197796666249355,-0.9962848163139064
25,0.88094970703125,0.027351870125532154,0.16538400807070844,-0.47285478276677795,-0.7108753240464423,-0.22825927734375,0.010000416487455364,0.10000208241559455,-0.29323371275132243,-0.3409264926902531,-0.76007568359375,0.03565826994776726,0.18883397455904818,0.9136195559022664,-0.8079681969022472,-12.885,237.01091562500005,15.395158837277387,-1.1031975378100725,1.748720695042997,-3.746875,963.0635449218742,31.033265134720743,0.2379718897444645,-1.6808513503196765,15.779375,227.79144179687498,15.092761238318023,-0.7897157565851779,-0.27528540593579764
26,0.70064453125,0.13884214844703682,0.37261528209003564,0.14567254893098316,-0.9399821938496666,-0.09312255859375,0.024353016918897644,0.1560545318755519,-0.1519917090270869,-1.3741608121802944,0.61874267578125,0.27822745520472514,0.527472705649046,-1.0221512322038298,-0.3136172232294867,-28.53625,1374.7673578125002,37.077855356162395,0.10064360095081015,-1.1978909221399185,117.766875,1158.3821761718752,34.0350139734344,-1.0331118928223624,-0.17422544934528394,19.791875,4525.053910546876,67.26852094811417,-0.12036486269603806,-1.517474537142199
27,0.88006103515625,0.007226617163419725,0.08500951219375233,0.3774106192955778,-0.5436128510032905,-0.09433837890625,0.020761621111631396,0.14408893473001802,1.1419752916251331,-0.34883417317833665,0.31184814453125,0.010414151018857955,0.10204974776479339,0.6938896488831351,-0.29496808442815947,1.83875,80.26767031249997,8.959222639967152,-0.6705647785447193,-0.13288828667940322,-1.67375,207.4362953125002,14.402648899160884,0.8816759352725608,-0.650272976947436,-5.885,759.8667749999995,27.565681108944133,-0.516024917544145,-0.5923162014916374
28,0.79420166015625,0.02264802977442743,0.15049262365454139,-0.7580300242479111,-0.9467916311154179,-0.0187158203125,0.03646871712207795,0.19096784316234489,0.5040479204017968,-0.9206710408794305,0.56678955078125,0.03176766664385797,0.17823486371599123,-0.34730546639625165,-1.268748602913718,13.274375,94.52116367187502,9.72219952849534,0.285352861372361,-1.0940739698967559,-68.878125,1775.3192480468747,42.134537472801036,-0.0017326091087382308,-1.6835963641894016,22.154375,2425.3145667968734,49.247482847317926,0.5178252377390403,-0.8530128127421133
29,0.87211669921875,0.02210521184802056,0.1486782157816691,-0.3839528624160726,-1.138339970727694,-0.26755859375,0.0023020096778869625,0.04797926299858057,-0.010638961997030764,-1.1135694531014513,-0.19784423828125,0.027692223376035715,0.1664098055285076,0.951530812767789,0.07091366475679362,18.96,194.11261875,13.932430468155943,-0.07802450441236168,-1.344606684307324,-62.76125,564.5901859375,23.76110658066034,-0.49015643077337095,-1.067359000873878,-25.37625,215.24374843750013,14.671187696894213,1.8861183380952005,5.22954716631976
30,0.8707958984375,0.0044901509046554565,0.06700858829027408,0.12661314937678664,-0.9762284671776968,-0.15547607421875,0.0007739377677440645,0.02781973701788111,-0.2470741154814852,-1.2457093815891715,-0.62704833984375,0.009985364550352096,0.09992679595760136,0.3334636313991088,-1.091255003252465,10.86125,24.200435937500007,4.919393858749268,-0.9517478253763787,-0.3221184659085319,3.1175,864.9330687500001,29.40974445230696,-0.09874842344091012,-1.2050024526052439,-39.805625,220.22983554687514,14.840142706418801,0.7700985432911647,-0.961084377328782
31,1.07041015625,0.00960604190826417,0.09801041734562796,-0.29554446509259374,-1.089722374213077,-0.0988037109375,0.001688660979270935,0.041093320372913834,-1.1286935396591673,2.9933497777402565,-0.57207275390625,0.0059855560004711175,0.07736637512815964,0.2718662481933106,-1.196460341475856,5.624375,2.674413671874998,1.6353634678183924,-0.6016632815302737,-0.2564087318599011,22.186875,182.93527304687512,13.525356669858105,0.33929955325064376,-1.0220464924062924,-1.806875,268.840241796875,16.39634842874702,-0.11272377327991666,0.7073799763816861
32,0.97577880859375,0.008883413428068159,0.09425186166897798,-0.6798586821076236,-0.3796415196502809,-0.2590869140625,0.0007597203016281128,0.027563024174210506,0.5098994022797158,0.24871931581531248,-0.5609033203125,0.02662611176967622,0.1631750954333296,0.181108982931304,-1.2494501578795565,-3.354375,513.549848046875,22.661638247198173,-1.6515391520803293,1.7803814439439805,21.580625,399.19916367187506,19.979969060833778,-0.1890454807243122,-1.202320564765019,25.233125,1551.6350667968757,39.390799265778746,-0.25695156493119553,-0.9585748072164164
33,0.735078125,0.022902508115768418,0.15133574632507818,0.004444858763723071,-0.9992035488699869,-0.049853515625,0.013619621992111202,0.11670313617084677,0.551035724625668,-1.0738081082531827,0.502060546875,0.13299787797927856,0.364688741229118,-0.2514595633686894,-1.5371812488867158,-45.38,875.8143500000001,29.59416074160577,-0.06322224072513001,-0.8510371484146422,69.36625,577.8268765624999,24.03802979785365,-0.22405614672282392,-1.150787372760989,13.31375,3417.4205453124973,58.45870803663469,0.4588318147744586,-0.7833979611014747
34,0.92234619140625,0.013708923166990286,0.11708511078267077,-0.03592811394317235,-0.4750732893227516,-0.04235595703125,0.005906431072950363,0.07685330879637105,-0.47149459202904365,-1.1891714750089912,0.438603515625,0.01602392373085023,0.12658563793278538,0.17579508316313638,-1.5253308724351096,0.4025,62.55322812500004,7.9090598761799775,-0.6865186757504005,0.31348664706250107,14.2175,1086.52019375,32.9624057639912,0.4436466984144683,-1.2951770390923054,-16.360625,660.7371761718747,25.704808425115225,-0.314020020796634,-1.6048223006282112
35,0.920458984375,0.008299727439880372,0.09110283991117056,0.5090300043601425,-1.2782686723510819,-0.031552734375,0.018139748716354365,0.13468388439733375,0.6496046263607178,-0.8974239303633609,0.50763671875,0.03711195001602174,0.19264462104097727,-0.4643467917929422,-1.5088675318208769,17.419375,308.8543199218752,17.574251617689875,0.657369608302614,-1.3136568909707982,-61.71125,1521.9044359375007,39.01159360930416,-0.30316951124057384,-1.5907738635021111,-7.41125,434.0506390624998,20.833881996941898,-0.9856989282841976,-0.4313299637640893
36,0.7529443359375,0.003280846858024597,0.05727867716720243,0.2949346035750719,-0.7733076561531367,-0.13768798828125,0.012078210657835011,0.10990091290719568,0.6191351044724065,-0.9419407640934034,-0.10420166015625,0.07849271857142451,0.28016551995458777,0.44227204338124904,-1.08774125911759,26.7225,313.0463531249999,17.69311598122275,0.2803797941983235,-1.2724524971314644,-77.544375,763.0897105468752,27.624078456065735,-0.035878502575633055,-1.148787012506839,3.995625,125.98501992187501,11.224304874773983,-0.4513355346524096,-1.3612004833949505
37,0.85553466796875,0.006889241760969162,0.08300145637860315,0.5995674904568153,-1.1032692668177198,-0.1611474609375,0.004717271113395692,0.0686823930377771,0.32652277953760084,-0.7029818543137489,-0.45365966796875,0.031139219635725017,0.17646308292593388,-0.48953314232037465,-1.1075251236202084,-19.758125,206.99747304687503,14.387406751978448,-0.39631382082684136,-1.413321278175264,-15.705,135.464303125,11.638913313750558,0.7729777839122922,0.3398539695701288,-26.13375,375.13132968749994,19.36830735215393,0.6155265463008508,-1.0008489664821896
38,1.0471728515625,0.013408994174003592,0.11579721142585253,-1.0546306235721896,0.012855391306677344,0.03532470703125,0.0016676505744457248,0.04083687762850785,-0.05642657379277191,-1.0512212323135928,-0.6726220703125,0.01160416104793548,0.10772261159076807,-0.3637717618438043,-1.5367385316432525,4.5225,180.666603125,13.441227738752142,0.11953488078822712,-0.9965053978800684,21.410625,257.319707421875,16.041187843232652,0.060164984701106136,-1.4927453064313232,-6.266875,589.657801171875,24.282870529899775,-0.5389910900264869,-1.114893692040832
39,0.915869140625,0.025517838001251212,0.15974303741087187,-0.19632102500149562,-1.1107742003599455,-0.21325927734375,0.00877197443842888,0.09365881933074365,0.18876424065397532,-1.3419439255069883,-0.70869384765625,0.08162563406825064,0.2857020022125338,0.6235562276677926,-0.33042335564522984,4.323125,227.60883242187498,15.086710457282429,-1.1350722154460162,0.48188311531915096,16.49375,894.9883203125007,29.916355398218226,0.11816196719450552,-1.0082118416285821,22.121875,1611.165732421875,40.13932899815186,-1.2880781861288546,0.2330600530640412
40,0.7854736328125,0.10987041294574736,0.33146706163018275,0.032124851934495754,-1.2374770568021995,-0.06868408203125,0.011784275835752494,0.10855540445206997,-0.4250874797379105,-0.883023239683649,0.548564453125,0.21793315968513494,0.4668331175967863,-0.4865465461609749,-1.054729686386525,-36.919375,189.932601171875,13.78160372278477,0.31925417290905356,-0.49468941692656276,98.468125,1753.6595699218744,41.8767187100646,-0.5341179701835166,-0.8475959479840873,16.43375,634.0869390624999,25.181082960478484,-1.0703553895767528,1.8832100379088086
41,0.8552783203125,0.0048569006681442265,0.06969146768539336,1.0772846123679563,1.0430466482526182,-0.05326416015625,0.013623831337690346,0.11672116919261195,0.7682074227276874,-0.8975220665991479,0.35913818359375,0.00739406163096428,0.08598872967409323,1.398929335399819,2.001752805418519,6.61375,46.578935937500006,6.824876258035746,0.20682547160491765,-0.7916263337191078,9.7525,180.6908531250001,13.442129783817744,0.5485008851797692,-0.5534913380894215,-6.129375,1355.815410546875,36.82139881301191,-1.143631503001874,-0.3693791907961317
42,0.94701171875,0.0038581298828124994,0.06211384614409656,-0.4800096462548597,-0.16214577306825317,-0.03115478515625,0.004538729065656662,0.06737009028980637,1.1786716136751603,0.41633497038348155,0.44475830078125,0.006427833861112597,0.08017377290057265,-0.44281213735125136,-1.2459476029705856,11.485625,154.23748867187498,12.419238651055666,0.8845001410106356,-0.24896384938241178,-44.901875,430.5367386718753,20.74937923581993,0.11569537394700392,-1.4620407083262188,-9.07375,212.7298734375,14.585262199820063,0.0638903789865302,-1.5903415656154039
43,0.78068359375,0.004565901613235474,0.06757145560986144,-0.5885866857152487,-0.6421755934323086,-0.067470703125,0.01100445809364319,0.10490213579161861,-0.26169041452214026,-1.460616430542557,0.02068359375,0.08446202287673955,0.29062350709593254,0.11345829273187165,-1.053478355712207,38.779375,348.7407386718749,18.674601432744822,-1.1907920058173218,-0.10091601943614759,-53.875625,187.69816367187497,13.700297940989275,0.30394033763054185,-0.9470957653644341,-8.27375,234.04412343750016,15.29850069246984,-0.4385946324060549,-0.8420926022166415
44,0.98607666015625,0.03709838086962703,0.1926093997436964,-0.39191893737035577,-1.2299420977524527,-0.13875732421875,0.004621322602033614,0.06798031039965627,-0.10162078116048186,-1.0699242177185928,-0.31927001953125,0.012343783205747605,0.11110257965388384,-1.0371839305609067,-0.44281845235500317,2.044375,323.5608824218751,17.98779815380068,0.19498461317986615,-0.9545451217654883,9.175625,148.95505429687498,12.20471442914069,-0.49124228362402383,-0.817824476832175,-23.191875,506.14189492187506,22.497597536667666,0.3841326625079064,-0.9184270341955121
45,1.14754150390625,0.0014003301322460177,0.03742098518540122,0.411735358515544,-0.9634960026027382,-0.02553466796875,0.0013421381652355196,0.03663520390601804,-0.13792715378249784,-1.296556963844908,-0.421943359375,0.0005395365715026854,0.02322792654333756,-0.19135270446239272,0.3616546864394987,-5.335,92.08011874999993,9.595838616296124,-0.581556786033847,-0.7704429427435233,-10.3675,55.99658437500002,7.483086554023013,-0.9741161351567098,0.19750716758651876,1.73,119.24124062499997,10.919763762325628,-0.5240302524954977,-0.9736664932570678
46,1.05711181640625,0.0048830965220928195,0.06987915656397707,-0.3156821692534773,-0.26081505016245643,-0.1887939453125,0.003130343556404117,0.05594947324509961,-0.39915155806716307,-0.9812682205930892,-0.61016845703125,0.013700620383024215,0.11704964922213229,0.11489968855690293,-0.9097272561834431,3.77125,88.51532968749996,9.408258589531856,-0.6435823417738785,1.1831416165357957,-1.476875,252.12942617187483,15.878583884335367,-0.49273855800947935,-1.2722586152887982,13.825,865.8617187499999,29.425528351246303,-0.9416305774928092,-0.7953922511632285
47,0.65006103515625,0.045038971155881874,0.21222387037249574,-0.11534594182908497,-0.9400811152571045,-0.08591064453125,0.011342526549100888,0.10650129834467226,0.29970510693261904,-1.0638120616712108,0.32347412109375,0.25866003200411786,0.5085863073305433,-0.15124784766264257,-1.3804230969342863,-61.254375,326.41173867187484,18.066868535301708,0.23598508377758154,-1.2772672245639358,67.665625,1754.6178417968754,41.88815873008595,0.18319789519083168,-1.075605710135308,38.224375,705.113054296875,26.553964944935718,0.36795003828476314,-1.0447029087823045
48,0.9564697265625,0.013358176350593564,0.11557757719641627,0.8203855654176629,-0.23961294798514166,-0.0153076171875,0.058091382384300255,0.24102153925386058,0.5554181780201187,-1.0377400625056745,0.4652587890625,0.06054915845394139,0.24606738600217093,0.8925300069704223,-0.28895361943724973,-0.574375,324.03044492187496,18.000845672408698,-0.9871542935587474,-0.2315184171857605,22.919375,1753.0886949218755,41.86990201710383,0.6744332114254634,-1.0999061538122692,-13.269375,3413.6938042968754,58.42682435574327,-0.5737684068388036,-0.897626425089054
49,0.949677734375,0.0033008244991302527,0.057452802360983685,-0.7181582946730883,-0.4031724020322818,-0.1209423828125,0.006961924767494198,0.08343814935324367,-0.6403198804793155,-1.1043109631849206,0.39502197265625,0.01330303727984429,0.11533879347316014,-0.1561252765012153,-1.4957974463580515,8.33625,43.24365468749999,6.575990776111231,1.1288072423329318,-0.048566338219072414,-37.995625,435.04119179687507,20.857641088984035,-0.2872846445307434,-1.4136836941300637,-12.135625,256.105316796875,16.003290811482337,-0.31629246845838177,-1.0102049485262719
50,0.74806396484375,0.00787519962191582,0.08874232148144323,0.4321623075357708,-1.0787130990447567,0.0761572265625,0.014727554106712346,0.12135713455216528,-0.0758415696015714,-0.8745004179375373,0.18216552734375,0.05652254983782764,0.23774471568854613,-0.19554141897439198,-1.085064443989039,31.155625,308.49160117187466,17.563928978787025,-0.1958327599999692,-1.1757100675669467,-66.6275,163.34913437499995,12.780811178285983,-0.20859324093301426,-0.9206207130082098,-7.435,369.61593124999985,19.225398077803224,-0.5694535473551764,-1.137630607597851
51,0.8770166015625,0.033543184542655945,0.18314798536335566,0.3795033074651271,-0.965645320910943,-0.21245849609375,0.012961151427030573,0.1138470527814865,-0.574885730103673,-0.006762224643042991,-0.45206787109375,0.03196128017306329,0.1787771802357988,-0.05519150652502807,-1.137318161756495,20.7075,271.23975625,16.469358100727547,-0.09080579982815727,-1.1123915467375922,2.06,1442.2338218749999,37.97675370374619,-0.06860281607294845,-1.7426228379473416,-16.9625,773.5190624999997,27.812210672652395,-0.7769024320588886,-0.13518953535285094
52,1.154501953125,0.0028260489940643307,0.05316059625384511,0.03626863118716092,-1.4781154838270643,-0.02202392578125,0.005477929466962815,0.07401303579074983,-0.955590028932002,-0.2899558242435938,-0.45965576171875,0.001490291804075241,0.03860429774099305,-0.15996761670759754,-0.9893242301964871,5.939375,133.884019921875,11.570826241970579,-0.032883624682542065,-1.4748786543660923,9.005625,123.30055429687499,11.104078273178509,0.5311328168759817,-1.051434131614884,-13.29375,1117.0262890624995,33.421943226905576,-1.2102323793881982,0.279325221724688
53,1.1169189453125,0.00416760504245758,0.06455699065521549,-0.06333876022840022,-1.332296413846449,-0.231533203125,0.00410119833946228,0.06404059914977592,0.6399795767487725,-0.862316475574421,-0.66873291015625,0.009679798668622976,0.0983859678441137,0.5342425998732634,-0.7705039647340555,-13.160625,196.00322304687498,14.000115108343751,-0.9510188776947097,0.5210941313168664,-17.676875,197.18992617187513,14.042433057411209,-0.7014872118725259,-0.8411524282165019,17.290625,490.49541992187505,22.147131189431175,-0.6556420461523208,-0.971177297740605
54,0.64453369140625,0.0808493846595287,0.2843402621148273,0.5560245962787205,-0.6209877359569664,-0.03026123046875,0.011445330828428262,0.10698285296452073,-0.13940248214560877,-0.7964248400789367,0.38408447265625,0.28762968336939787,0.5363111814696743,-0.31283860688743514,-1.5234854022110524,-62.31,685.6356187499998,26.184644713075635,-0.45963260955743296,-1.003815098735322,57.364375,4208.077660546875,64.86969755245414,-0.0698672703348256,-1.0848441130807138,46.034375,506.61549804687485,22.5081207133531,0.13456607990167227,-0.29716565909060355
55,0.94830078125,0.027196964168548575,0.16491502105189987,1.1377480401824278,0.2377052891759721,-0.0935498046875,0.04064542100429535,0.20160709561990955,0.0684117964015002,-1.6518715773010622,0.29781982421875,0.05943126398921009,0.24378528255251605,1.329533129440459,0.7392788148207106,19.395,189.29342812499985,13.75839482370672,-0.8334004500913941,-0.12669932407472384,14.17375,799.8006703125,28.28074734359932,1.4625748876991953,1.7162324716098274,-7.578125,1597.635341796875,39.97043084327307,-0.26156954291129,-1.1727944134291381
56,1.03555419921875,0.004187223500013351,0.06470875906717229,-0.19360205859318722,-1.2362928905697879,-0.112529296875,0.004240245437622071,0.06511716699628502,-0.6679546440648175,-0.03805951411683317,0.28325927734375,0.005556169575452804,0.07453971810687779,-0.462271428032364,-1.2246955090205756,1.765,7.126962500000001,2.6696371476288685,0.6094006693028622,-0.22701071785974136,-25.868125,481.2084292968752,21.93646346375995,-0.01424394279178925,-1.015233538080238,-15.79125,45.443923437500004,6.74121082873841,0.5032874517554838,-0.6583315647770736
57,0.93158447265625,0.01104326826930046,0.10508695575236948,-0.3303544346254448,-0.5238502720272797,-0.0325732421875,0.005470072245597837,0.07395993676036937,-0.6096447498026729,-0.13386277699913984,0.1693896484375,0.013254628634452823,0.11512874807993363,-0.8974060220103524,-0.06669754169131803,25.425,226.81726562500003,15.060453699175202,-0.4693998212480526,-1.2257678593895767,-57.116875,26.817941796875,5.17860423250078,-1.4637572678491892,1.2437855738016381,8.875,175.674140625,13.25421218424543,-0.030214641574108275,-1.1343203219129006
58,0.7402099609375,0.025539075732231145,0.15980949825411236,0.8742546865159571,-0.670855537559945,-0.18142578125,0.007374265527725221,0.0858735438172038,0.3704841426492548,-1.237517577702862,-0.3160302734375,0.00481544425487518,0.06939340209901212,0.6389132998387964,0.11666561795427732,11.998125,199.430269921875,14.121978258086754,0.10838655896260534,-1.2832698110056864,-28.78125,214.0719921875,14.631199273726676,0.0055610143749592065,-1.2563243959254662,-20.620625,349.653379296875,18.69902081117819,-0.740410589208788,-1.029800204122562
59,0.956787109375,0.00845062494277954,0.09192728073199784,0.42780060010211934,-1.3760883319590715,-0.05557373046875,0.012341715878248206,0.11109327557619411,0.006877676466259041,-1.3938682747193478,-0.62890625,0.01067976713180542,0.10334295879161493,1.4000547214041392,1.1973076435305732,2.748125,182.36034804687512,13.504086346246277,-0.742694755842076,-1.0260258575790164,12.789375,654.6958324218749,25.587024688733838,-0.4526736101739887,-1.421761204229797,-30.933125,205.37009804687506,14.330739619673336,-0.6675709925772144,-0.7734009708419505
60,1.10905517578125,0.0029131897628307357,0.053973973013210136,-1.0975157183701623,-0.04049988612801281,-0.1244287109375,0.00663821485042572,0.08147524072026864,-1.0105933328119228,-0.401340785650111,-0.6847021484375,0.008607558512687689,0.09277692877374034,-0.22522904866270865,-1.5207994901652935,8.819375,31.023038671875,5.569832912383907,0.8163410246497251,0.8300233036769455,6.864375,49.87016054687498,7.061880808033719,1.9639022873111804,2.967601060456091,17.915,244.98379062499995,15.651958044442873,0.24445839835340138,-0.9340747165399677
61,0.71654541015625,0.0794844036757946,0.2819297850100173,0.09042951484662955,-1.3034412326019467,-0.17787109375,0.01363936820030212,0.11678770568986326,0.43589242796240274,-0.8029340374705809,-0.287421875,0.24541458616256714,0.4953933650772557,0.6501237247570496,-0.932539181739481,-45.86125,604.5388734375001,24.587372235306077,0.3936640847144733,-0.61378045500765,42.664375,2304.940441796875,48.009795269266405,0.8900909783137323,-0.35592728596018075,34.14875,1183.5571703125004,34.40286572819916,-0.3265975893982914,-0.9604643138585178
62,0.886484375,0.05765534033775329,0.24011526469125882,0.8198533878686299,-0.5340583863957322,-0.05311279296875,0.015815977305173864,0.12576158914857058,0.634498364091911,-0.7319363727896824,0.67893310546875,0.09716951977610584,0.3117202588477461,-0.4620080876618652,-1.377641996407434,-25.323125,591.1346917968747,24.313261644560868,-0.34753293807950025,-1.4276878081900313,58.64625,2173.4686109374998,46.620474160367564,0.03829678055364425,-1.681300123842193,3.011875,188.979585546875,13.746984598335557,0.5171154882350527,-0.6238844637916592
63,0.92115478515625,0.0034931318461895026,0.059102722832281615,-0.8053356654050967,-0.5981986949883669,-0.1249267578125,0.009248692393302916,0.09617012214457729,-0.5111451729118975,-0.916938128355719,0.29398681640625,0.002208808726072312,0.046997965126931954,-0.1222921976573117,-0.8229591348858292,2.165625,30.91885742187499,5.5604727696370375,-0.0009461511760684842,-0.1365456306289241,-10.800625,289.1740386718749,17.00511801405315,-0.2897287764425302,-1.310390219344249,-3.36,209.7094625000001,14.48134878041407,0.1835259155682171,-1.0598839844430057
64,0.87378173828125,0.003602803343534467,0.06002335665001139,-0.06878493849190076,-0.6690883557535083,-0.02992431640625,0.005427775686979292,0.07367343949470048,0.9153696861627154,-0.6222038481544652,0.3303125,0.0204708920955658,0.14307652531273535,-1.3733752630114842,1.0596451399248696,41.225,302.87531250000006,17.403313262134887,-0.24600373052842828,-1.6823032223805119,-53.236875,18.316507421874995,4.279778898713693,0.17789942697652725,-0.7864338880232751,-11.004375,306.0950980468751,17.49557367012797,0.5382014990171955,-0.6077158724191913
65,0.91085693359375,0.008522980993986129,0.09231999238510653,-0.21146948706570853,-0.7715977153749431,-0.18287109375,0.0046911202907562255,0.06849175345073467,0.9680073819513115,-0.3966256056205957,-0.1103369140625,0.01868885614871979,0.13670719128385234,-1.0424936161590759,-0.0818963411562379,11.588125,750.0223511718748,27.386535946918784,0.23201143255568357,-1.4228649757571696,-49.473125,91.06783242187494,9.542946736824792,-0.10833403229222775,-1.3312064470600524,4.091875,120.68433242187503,10.985642103303523,-0.1325605936795342,-0.6655268406914558
66,0.87433837890625,0.01633638059496879,0.1278138513423674,0.29683520111712325,-0.458552060012134,-0.165478515625,0.003648465871810912,0.060402531998343514,-0.0016365544901066715,-1.1927428356169563,-0.5804541015625,0.007282759451866147,0.0853390851360978,0.6079874768999539,-1.2767735086747414,-15.296875,574.592373046875,23.970656500122708,-0.7242675334456095,-0.7614198434388677,-3.7,292.6048437500002,17.105696236926466,-0.11269929313502645,-1.2143425044083132,-8.176875,1574.7020355468762,39.682515489153104,1.1150724759337984,-0.4975312507269245
67,1.03525634765625,0.012814751976728442,0.11320226135872216,-0.9904956112536082,-0.7405722684567033,-0.13783203125,0.0027530042171478274,0.05246907867637688,-0.7600973979945231,0.4217402801772536,-0.67630615234375,0.009261951893568038,0.09623903518618647,-0.6961237658435366,-0.8761849403117283,12.906875,12.299413671875005,3.507051991612757,-0.24672900318715626,-0.7129162759084413,-4.013125,79.70189804687503,8.927591951185663,-0.12322050480935248,-1.3088276426017502,3.30625,732.6248046874998,27.067042776917834,1.4362301184394277,0.7031516927155903
68,0.74551513671875,0.06944099981188771,0.26351660253556647,-0.5930136195207661,-1.2922370696987868,-0.28191162109375,0.0028460017383098606,0.053347930965594724,0.57792052953091,-1.144253062812478,-0.52647216796875,0.09474262744784355,0.30780290357279533,1.5537487477480538,1.5214663515444942,-23.596875,799.0433105468751,28.267354148325857,-0.4987612378943959,-1.27907562662182,31.05375,833.9320328125002,28.877881376799444,1.0333535550810873,-0.49924720106536746,38.675625,1085.0762261718749,32.940495232644494,-0.37624784693828217,-1.2125740892396788
69,0.9027734375,0.12296656503677368,0.35066588804269755,-0.5752683516952837,-1.4088660922271146,-0.09587646484375,0.037491923922300316,0.19362831384459328,-0.35799147609551957,-0.6337990431223988,0.7762646484375,0.07572357914447785,0.27517917643687695,0.29418233239154357,-1.4919806635261748,-6.858125,802.3130355468752,28.32513081252892,-0.10260800778774912,-1.2171722958057223,90.45875,2390.8372828125,48.896188837295895,-0.22676512788832753,-0.8477802982691922,-25.36875,1073.0264453125012,32.75708236874129,0.9869619188293608,0.054596246891406075
70,0.89668212890625,0.009527837866544719,0.09761064422769024,-0.02306855267623355,-0.7822708462274206,-0.14363525390625,0.0026172900855541224,0.051159457439989744,-0.11957091407577872,-1.0235866291848459,0.26001708984375,0.006526531523466113,0.0807869514430772,0.6610284985824051,-0.215397333399721,4.773125,36.947785546874975,6.078469013400905,-0.029532428944554864,-1.039751368076667,-13.140625,62.904091796875,7.931209983153579,0.09824940719353305,-0.9372819124067222,0.655625,260.513632421875,16.14043470362168,-0.7713636630642366,-0.2577666244654635
71,0.8724755859375,0.023320081496238713,0.15270914018564413,-0.35040630615914664,-1.363129478230778,-0.0422119140625,0.01021861970424652,0.10108718862569342,0.07187584306040104,-1.4198851204542011,0.3579541015625,0.01268088982105254,0.11260945706756843,-0.34965457821824564,-1.2567125109276338,27.2875,376.3021874999997,19.398509929888938,0.32578582597382716,-1.1180833327091035,-62.17,364.88891249999995,19.102065660550952,0.07156463608883938,-1.2653655008517972,-34.07125,458.5690640625001,21.414225740439463,-0.015493978663205352,-1.04029542034987
72,0.82022216796875,0.005113361662626266,0.0715077734419571,-0.9623427604539159,-0.6874606915458301,-0.07457763671875,0.005512377566099163,0.07424538750723282,-0.3256767203210435,-0.42637489712800125,-0.09599609375,0.040172723531723076,0.20043134368586935,0.2512315837228541,-0.9731423162030559,15.4975,354.60827500000016,18.831045510008206,0.5130769687113574,-1.052397750110535,-43.614375,43.781488671875,6.61675816936625,-0.3361359959715904,-0.5532805629464361,14.90125,378.6063421875003,19.457809285412896,-0.183437352837378,-1.476525428769568
73,0.968076171875,0.009318020486831662,0.09652989426510143,-0.5273891903348676,0.27584925480137557,-0.10316162109375,0.021965383738279328,0.14820723240881103,0.15792931474010463,-1.6802197593091122,-0.54722900390625,0.011466604918241497,0.10708223437266098,-0.07306355095129191,-1.4437145326947,-0.611875,78.42931992187506,8.856032967524175,0.2524037282777829,-1.0908558743909234,-6.68,234.03697499999998,15.298267058722697,-0.2471691619442183,-1.5477484348121302,-39.09625,692.0937828124999,26.307675359341424,0.2898623045277264,-1.1595608955189995
74,1.06682861328125,0.007319240397214888,0.08555255926747539,-0.80872865003515,-0.44561056860061443,-0.07302490234375,0.0014995263755321494,0.03872371851375006,2.0763942955768537,4.725370532026139,-0.63230712890625,0.0028001692950725553,0.05291662588518428,-0.379560305242001,-0.23348257204467027,4.378125,4.2884667968749985,2.07086136592361,-0.20473884141375864,0.2954699843680353,6.789375,196.46684804687487,14.016663227989566,-0.2658538117986655,-0.8181837048735221,17.7925,48.37295937499998,6.955067172572813,0.09691007684473969,-0.5124073204469992
75,0.90535888671875,0.021116462200880055,0.14531504464741446,-1.6166725584784196,2.7509068671826915,-0.0991015625,0.015380324935913086,0.12401743803156508,-0.03519440124109547,-0.9803291835148529,-0.38702880859375,0.04194704634547235,0.20480978088331706,0.6154996001529851,-0.9415179467818118,-13.04375,1321.635664062499,36.35430736601234,-0.549665674380402,-0.7733535040018751,20.780625,446.3399605468752,21.126759347966154,0.18190082042876932,-0.9526478269126386,6.70875,2639.2426734375,51.3735600619375,0.38508823010125903,-0.7316676253292456
76,0.78301513671875,0.1246609149634838,0.3530735262852255,0.34500054566507676,-1.1117841463234754,-0.0578369140625,0.007980874180793766,0.08933573854171557,-0.4162584964190478,-0.4798494403672726,0.66284912109375,0.0769183390796184,0.2773415567123297,-0.9543668091223777,0.41840372406330006,-15.364375,485.06945742187486,22.02429243862047,0.2007493718869948,-0.8981430112253386,104.955,2331.296334375,48.28349960778527,-0.349721793757622,-0.8158276378995803,3.688125,2507.8716792968753,50.07865492699335,-0.7362813112202746,-0.4826937917623151
77,0.898720703125,0.005687169694900511,0.07541332571171033,-0.11298608788566736,-0.768750167185535,-0.03838623046875,0.01088649017214775,0.10433834468759676,1.2827256553841584,0.18506989997393397,0.37145263671875,0.002891414707899094,0.053771876551772804,0.015718277694748876,-1.2084954893691415,11.128125,69.41877929687496,8.33179328217371,0.5154824385236629,-1.2471865500554598,-12.035,191.82174375000002,13.849972698529049,0.7197664263987404,0.25214700366148524,0.67375,867.603639062499,29.455112273805696,-0.9659590743283712,0.6577066344519165
78,0.9082080078125,0.009707311367988586,0.09852568887345363,-0.27032692478942855,-1.56913189646886,-0.0351123046875,0.003729325985908508,0.06106820765266087,-0.34872160171980277,-0.31502426964752805,0.4285302734375,0.01531964018344879,0.1237725340430937,-0.6120650320335788,0.41482561777020965,9.9025,10.603774999999994,3.2563438086295484,-0.8321796630439959,0.3073825408346771,-78.385625,382.4779730468752,19.557044077438572,0.43457204857779524,-1.2717781435359081,2.6575,260.285115625,16.1333541343702,0.9598240045154314,-0.40717073583912144
79,0.80389892578125,0.003140795058012008,0.05604279666479902,0.7573315999026963,-0.17131277344329732,-0.03519775390625,0.004486643141508104,0.06698240919456469,0.062373782748925,-0.8358013068267094,-0.0488037109375,0.02216278493404389,0.14887170629116833,-1.2481152072818529,1.1861096904146935,-12.025,625.3267968750002,25.006535083353715,-0.32070918471242954,-1.2315446298892692,-83.32375,95.1785453125,9.755949226625772,0.19545576861514455,-0.8642956296161883,21.21875,425.1241796875,20.618539707930335,-0.3551057429638603,-0.5999196484890685
80,0.75514892578125,0.008369279021024703,0.09148376370167935,-0.1723780689284247,-1.2167475538773365,-0.17896240234375,0.00684357339739799,0.08272589314959368,-0.06389977493809086,-1.062130957720034,-0.80725341796875,0.018723848456144325,0.13683511411967444,0.5279987550838475,-0.8927099257309399,-1.091875,241.63487929687494,15.544609332397998,-0.6389249167367159,-1.0897662592033137,-21.481875,1072.2965074218746,32.74593879280108,-0.7174078255912557,-0.9117793404694052,-30.938125,2795.2737105468714,52.87034812205109,0.1579950666902658,-1.0981639793969609
81,0.97961669921875,0.040422778719663606,0.2010541686204581,-0.06446458195181969,-1.2403650657663885,-0.1584765625,0.006595352029800418,0.08121177272908416,-0.3614736410984709,-1.4150431997441855,-0.8026416015625,0.016284239029884344,0.12760971369721172,0.3456493652764835,-1.3108379047710401,4.49375,16.390351562499994,4.048499915092008,-0.2149704022547055,-0.6292148869770009,-3.451875,491.5009261718749,22.169820165528517,-0.12378998230005925,-1.641792328721077,13.98,326.83538125,18.078589028184695,0.7652573628368647,-0.2015635510954943
82,0.643076171875,0.017095972204208373,0.13075156673710786,0.15880587878237162,-0.5078418675181409,-0.15379150390625,0.007130868738889696,0.08444447133406482,0.44295062308873195,-0.11331470468706861,-0.6636181640625,0.0766613726377487,0.2768779020394165,0.7384387718751132,-0.12365287309299822,-6.1925,299.99669375000013,17.320412632209433,-1.063123648676533,0.10984546967070186,38.04125,1443.8605640624994,37.99816527231939,-0.40152479518876444,-0.8372990388879309,29.72375,521.2086078124997,22.829993600798485,0.08539793073230863,-0.653458057020897
83,0.8804296875,0.0633154119491577,0.2516255391433026,0.42907460888574656,-0.9696260086654469,-0.13185546875,0.009225653028488162,0.09605026303185307,-0.5878107349180467,-0.947320028567967,0.570458984375,0.040282359123229944,0.20070465645627145,-0.48426224219640157,-0.5216564545808597,4.54375,255.5083203125001,15.98462762508092,0.24604004569954613,-1.106832467034746,105.880625,1248.4786011718754,35.33381667994381,-0.6079048651421994,-0.6465196009966387,-20.254375,1395.4039261718747,37.355105757739125,0.6273339388000847,-0.8605411443096087
84,0.952216796875,0.005062887763977052,0.07115397222908255,-0.22105182707072157,-0.8129345224229723,-0.09011962890625,0.004982572382688525,0.0705873386854082,0.6935361571896828,-0.5428076621080775,0.2714990234375,0.0044075653791427645,0.06638949750632825,-0.022827874033826953,-1.144698740102896,5.81875,64.52144531250005,8.032524217984037,0.5011480615962204,-1.2618171572890096,-4.703125,335.862451171875,18.326550443874456,1.0281521361865549,-0.11769600703752392,-4.748125,868.1101917968747,29.46370974261175,-1.2615008258668055,0.2922644864431505
85,0.9260595703125,0.006916735196113588,0.08316691166632069,0.10625371944536664,-1.0060757983573256,-0.06228515625,0.004866063928604126,0.06975717833029176,0.5034341961307874,-0.36859694197232384,0.33640380859375,0.011009565705060963,0.1049264776167625,-0.39521249851051626,-0.9515966637313729,18.893125,138.15900742187497,11.754105981395394,-0.4210246450710831,-0.9374544211552798,-61.013125,260.1484605468753,16.129118405755328,0.6889752925900584,-0.4663397133585212,-4.746875,219.99120117187508,14.832100362789994,0.1296363824252477,-0.7501341137571083
86,0.84217529296875,0.0025926999747753147,0.050918562182914344,0.43513434586592464,-0.5981755026313103,-0.08070556640625,0.0032179871261119822,0.05672730494313988,-0.25357788193128794,-1.0132316856135555,-0.10854736328125,0.015992938154935833,0.1264631889323365,0.5472587343450601,-0.22369759668653133,13.0025,594.2598375,24.377445261962954,-0.5280800626543538,-0.9273964624720206,-62.213125,124.87539804687505,11.17476612940401,-0.6995740277491863,-0.002710198954913423,-2.119375,519.5268042968751,22.793130638349684,-0.23398695468710526,-1.2669502059279159
87,0.60955322265625,0.0326855550467968,0.18079146840157254,0.36169856378399745,-1.4804609816205792,-0.0904150390625,0.004828340077400208,0.06948625819109998,1.1064319954284039,-0.02067723974470992,-0.6573291015625,0.02234632394313813,0.14948686879836012,1.1744765062136016,-0.12077205868189855,-32.729375,421.8313324218749,20.538532869264905,0.9589387017562265,-0.6238403280139768,-35.88875,3315.4560609375017,57.57999705572676,0.32114433745863397,-1.367911127838193,-3.44,419.0142906250001,20.469838558840667,-0.19955403542629266,-1.3689676332040346
88,1.12335693359375,0.015335489338636401,0.12383654282414541,-0.2234940828537456,-1.294012359891315,-0.12834228515625,0.006790135735273356,0.08240227991550571,-0.6013835240716716,-1.1922472466929106,-0.6326953125,0.004816345548629761,0.06939989588342162,-0.9042584373771808,-0.9261929510991789,2.680625,35.44827304687501,5.953845232022328,0.6729894828422783,-0.8022988843799315,26.956875,950.6183355468756,30.832099110292113,0.004230508508421713,-1.578067246419223,3.3475,211.904009375,14.556923073747418,-0.38395375042109825,-1.1237802244217612
89,0.8066162109375,0.0038762503862381,0.06225954052382735,1.0903797823055066,0.9173519674768715,-0.17743408203125,0.0068203149497509,0.08258519812745442,0.08518640928385666,-1.2176627924639243,-0.81561767578125,0.011599075621366502,0.10769900473712142,0.34919390134069306,-1.0733558227512066,13.719375,55.376444921875006,7.441535118634797,-0.9825347320842642,-0.4917351840578865,2.42875,414.6365640625001,20.362626649391284,0.7193441513403112,-0.8858477179473425,20.083125,238.08508242187492,15.430005911271548,-1.7677298114823152,2.9776802504734166
90,0.63523681640625,0.01413358361124992,0.11888474927950145,-0.04551925786060745,-1.1979593690731036,-0.178857421875,0.009809736013412484,0.09904411145248608,0.5824374131692017,-0.6834733575658718,0.05797607421875,0.21124657685160636,0.45961568386164364,0.13182947192313973,-1.225410301732649,-26.365,261.91232187500015,16.183705443284616,0.7750588368924101,-0.3975376259382295,92.71625,858.4662828125003,29.299595267042516,-0.18153384384375665,-1.3240548532330534,19.410625,407.1197855468752,20.177209557985844,-1.0214568327886955,0.4961432057854007
91,1.04958251953125,0.018056786173582084,0.134375541575028,0.08829810024228113,-0.671414196489255,-0.0758642578125,0.0052995093107223515,0.07279772874700385,-0.014278196645520796,-1.3496574310340774,0.512509765625,0.05491785898208624,0.23434559731747948,0.26266490654416763,-1.049681154015627,1.31375,204.03062343749988,14.283928851597514,-0.4497846122081206,-0.354764939575102,40.425,2501.5945312500007,50.015942770780605,0.17326347401624903,-1.6232665454084698,-27.64625,992.4319703124997,31.502888285242985,0.8673628907497536,-0.6645206422752366
92,0.9469384765625,0.016148331427574155,0.12707608519140867,0.2307754849437313,-1.1699111022983946,-0.14033935546875,0.0037944460570812203,0.06159907513170324,-0.28914804546817324,-1.4066538416871184,0.26029052734375,0.014288230389356615,0.11953338608671894,0.544147950630703,-1.4164917449860779,9.83125,17.8926171875,4.229966570494382,0.1710064778486399,-0.7580661172438403,-22.685625,439.7535511718751,20.970301647136004,-1.227441416204603,-0.011640083046124516,1.67125,189.98809531249992,13.783616916923508,0.688292190192705,-1.1156247120079152
93,0.89077392578125,0.004687409275770185,0.06846465712884411,-0.4805366844056859,-0.3583115001089867,-0.077861328125,0.0032774802207946787,0.05724928139981041,0.9990188261738405,-0.3743201229013433,0.299853515625,0.020855414867401122,0.14441403971706188,-0.4957330109589234,-1.353650285316234,19.474375,24.257194921874987,4.925159380352578,-0.4978290177947628,-1.208659711692732,-94.3125,124.811328125,11.171899038435678,0.9114571080218054,-0.1616615960125718,-10.116875,94.30161367187503,9.710901794986654,0.9135869499577877,-0.08158708944315451
94,0.6337939453125,0.007414554333686829,0.0861078064619395,0.21351677906180727,0.47918830571027327,-0.12492431640625,0.0019704207122325894,0.04438942117478656,0.11371777693410197,-1.174721898588136,-0.43220458984375,0.03654532276988029,0.191168310056558,0.8274525829168226,-0.0722009829438428,2.35,35.04507812500001,5.919888354099257,0.3790685222635393,-1.0558859395442701,-43.4525,1440.403681249999,37.95265051679525,0.18368935152118637,-0.9092322281347212,-9.069375,648.3799917968748,25.463306772626268,-1.1766984201552755,1.1471692036663912
95,0.95490966796875,0.003082865113019943,0.05552355457839441,-0.6508677235425702,-0.6261230803337194,-0.0717333984375,0.0022349421739578245,0.04727517502831507,-1.3785549543977966,1.3105851447915144,-0.8133056640625,0.010156427025794978,0.1007791001438045,1.0294281169773196,-0.5106246345104135,-3.4575,118.19764687499999,10.871874119718274,0.06208532062564693,-1.5899892438315943,25.62875,55.46201718750006,7.447282537107079,0.7883901752482451,-0.7556909088391741,-21.698125,2061.467269921873,45.403383903866384,-0.9905116777404267,-0.7188395981389735
96,1.00375244140625,0.010486430710554122,0.10240327490150948,0.48644812991279623,-0.930230091195539,-0.06452392578125,0.005958656424283979,0.07719233397354934,-0.25335281671325743,-1.5466695940786774,-0.84435302734375,0.007369385308027266,0.0858451239618609,0.6392518285845423,0.43723057500236306,9.491875,85.93489492187501,9.270107600339653,-0.7553474718769779,-0.6962995975541757,8.178125,287.7854980468752,16.96424174688852,0.44940395164394364,-1.0823171527858317,24.236875,261.5316636718749,16.17194062788616,-0.7461584632864781,-0.1311642965311801
97,0.6822998046875,0.09654806196689598,0.3107218401832996,-0.2463407098527462,-1.3616262012174227,-0.148740234375,0.026492942714691162,0.16276652823812138,-0.34557364589296957,-1.0913173579410953,0.1271728515625,0.16327311456203464,0.40407068015637393,0.014929968515727012,-1.6337557072245603,-25.90375,1246.6380796875,35.30776231492871,-0.32200237472076837,-0.9493673993831919,61.444375,1556.922023046875,39.45785122186553,0.40377787472071724,-0.9840915151009844,24.05875,2586.4834234375,50.85748148932957,0.14752490433798932,-0.9556629122927482
98,0.9798681640625,0.02256979873180389,0.15023248227931232,0.24289075783215427,-0.3963595562058444,-0.05664794921875,0.017789631432294842,0.13337777713058066,-0.5743416191323785,-0.20635480148347307,0.461533203125,0.07695784964561465,0.27741277844687445,0.6554083231358474,-0.669339676829261,3.3925,335.5597718749999,18.318290637365703,-0.7436820235689824,-0.5044228497507723,44.649375,2172.689835546875,46.612121122588654,0.6326411315338828,-0.5593039332405327,-25.331875,457.19294492187487,21.38207064158836,0.5063734547816884,-0.7825809534738992
99,0.99830078125,0.008553295040130615,0.09248402586463575,-0.3229246012359508,-1.0738762148813081,-0.09826416015625,0.004125236862897871,0.06422800684201457,0.30239486982463465,-1.1030018788474885,0.310966796875,0.011093241071701052,0.1053244561899137,0.11580799844782125,-1.4493308400864022,3.735,106.35336875000002,10.31277696597769,0.4170955259485628,-0.6722339266516912,-25.28875,413.1549828124999,20.32621417806326,-0.5487407049845854,-1.0601576959199985,0.84875,308.5661859374999,17.566052087407115,-0.8575132052692057,-0.14239864666974755
100,0.77799560546875,0.017764258450269698,0.1332826262131329,0.7246054858118421,-0.704440338355782,-0.02016845703125,0.001622894877195359,0.04028516944478897,0.6599360824608489,-0.45414021751915,0.22164794921875,0.03207148630023004,0.179085137016532,0.18945248412121202,-1.1461384089441473,38.635625,159.13016054687495,12.61468035849006,-0.03533544857036061,-1.596535494243614,-68.139375,133.48866054687505,11.553729291742776,-0.09976387111053947,-1.3821684698591243,-13.773125,57.715207421875,7.597052548316024,-0.10463125982661704,-0.6559623826245562
101,0.958115234375,0.042037808084487954,0.20503123685060273,0.05466716217657447,-1.4689182016978015,-0.08556396484375,0.009876242226362221,0.0993792846943578,0.7574891730226403,-0.5447167812375175,-0.4447265625,0.013249635696411138,0.11510706188766673,1.0185991642238967,1.6737216052842294,-3.7975,344.0573531250001,18.54878306318234,-0.12417265539015533,-1.386367053852617,-45.171875,295.737138671875,17.197009585153896,-0.355630382695605,-1.2921911130107102,6.005625,260.34446054687504,16.13519322930082,-0.026577966036033268,-1.293590490690549
102,0.83004638671875,0.017191558665037153,0.13111658424866457,0.751226674452458,-0.7020804975189856,-0.19759521484375,0.03925010249018668,0.19811638622331743,-0.0037097548841923634,-1.70854718295259,-0.81855224609375,0.0037353781402111046,0.06111773997957634,0.6187614398816456,-0.933375669123059,19.78625,422.62845156249983,20.55792916522722,-0.9766353825425492,0.06612292030217937,-14.456875,618.6201324218755,24.872075354137127,-0.9912457607361468,-0.23544423145129345,-12.10375,213.28478281249997,14.604272758768236,0.6103379542812916,-0.7150550409486547
103,0.81254638671875,0.03956487619280812,0.19890921595745162,0.5403954471654914,-1.2645971171959107,-0.3301318359375,0.014053371644020082,0.11854691748004283,1.530408522187245,1.2897235059585084,-0.87655029296875,0.013092874735593792,0.11442410032678339,-0.34249734889969874,-1.2553917445134817,-27.690625,226.67260742187514,15.055650348685544,0.6065280594082197,-1.0329835168604828,-2.044375,741.3668199218748,27.22805207725802,0.3190375231244852,-1.1054983581819589,22.31375,1121.6889828124995,33.49162556240738,0.20518374600321934,-1.009731516639169
104,0.60294921875,0.04174918160438538,0.2043261647571974,0.6354688067603973,-0.14179120781042842,0.08238525390625,0.013435609787702555,0.11591207783360005,-0.489589311162645,-0.9467122771522392,0.2344580078125,0.23113572623729703,0.48076577065895304,-0.03815950105938708,-1.100825454419278,-31.5575,271.923646875,16.490107545889444,1.247918653829285,1.4089294645881916,122.6325,2946.387131250002,54.28063311393855,0.4235034348196007,-1.4482327092524485,13.37875,2516.5727203125007,50.16545345466839,0.38776034021442995,-0.8392958279908855
105,0.99913818359375,0.06287095362544058,0.2507408096529972,1.036617819726699,-0.2439413335015046,-0.05032470703125,0.03921140868067742,0.19801870790578707,0.5125038959642335,-1.2174905778681087,0.4276123046875,0.0927970665693283,0.30462610946753776,0.8596126679015533,-0.9635598016245348,5.89,144.76461875,12.031816934694444,0.0698466362095442,-1.4655363095166802,37.245,3771.1596625,61.40976846154039,1.4845703103352896,0.6290602357128234,-10.9275,2780.3767749999993,52.729278157395626,-0.2574605289528983,-1.4142623328101491
106,1.0977587890625,0.011793124890327446,0.10859615504393996,-0.2602784904783599,-1.2350603144468442,-0.07458251953125,0.009191872471570972,0.09587425343423005,-0.43481605977611854,-1.1663404401379065,0.38858642578125,0.009521763771772383,0.09757952537173145,-0.5730668334355941,-1.098658830757217,3.939375,315.767769921875,17.769855652814826,0.631133752347537,-0.9006160901121225,-44.29375,1881.0125390624994,43.370641441676874,-0.265776389563479,-1.4214542820531204,-3.66375,380.9269359374998,19.517349613548962,-0.28718065622876243,-0.19209996414399333
107,0.79997802734375,0.004494234675168992,0.06703905335824031,-0.05938640930396638,-1.251175555338619,-0.02750732421875,0.004418447083234789,0.06647140049099905,-0.07376702555839987,-1.5591573584843592,0.185341796875,0.03339342918395997,0.18273869098786924,-1.1815629999116768,0.18621589293936847,36.316875,29.908379296875005,5.468855391841606,-0.15036004165641864,-1.2706202525633556,-85.68375,90.74857968749997,9.52620489426403,-1.6161527783240448,1.5183182414189904,-11.40875,248.29487656250004,15.757375306899942,-0.17714923169248373,-1.2233330739594543
108,0.665,0.014475264215469363,0.1203131921921672,0.19960303488917797,-0.27862489813623803,-0.17094482421875,0.005467438334226607,0.07394212827763755,-0.37922789704257887,-0.8892887722946887,-0.6299951171875,0.06936112692356114,0.26336500702174,0.4043906771344463,-1.479200127611428,-9.25625,290.72589843749995,17.05068615738088,0.2701785702183779,-1.23035176170909,-47.190625,1682.6728417968752,41.020395436866224,0.5173575103420155,-1.2502751216013765,-6.905,1283.3376937499997,35.82370295977231,-0.17829660887973278,-1.4715064491905487
109,1.0057763671875,0.002833270096778867,0.05322847073492594,0.2899091249644668,-1.1323436720597664,-0.0147021484375,0.003571875786781311,0.059765172021682585,0.6703222014165584,-1.025675897726514,-0.75245361328125,0.009663020819425586,0.09830066540683022,0.434351716538497,-1.4483926235479652,2.85375,283.4934546875001,16.837263871766698,-0.4993187784458359,-0.9728337529255899,-3.810625,103.99362929687506,10.1977266729833,1.4710204429345033,1.65306863917648,0.745625,1086.117441796875,32.9562959356308,-0.5653286345635222,-0.823576755681116
110,0.69875732421875,0.021570584648847584,0.14686927741650935,0.038502890830088066,-1.6577073391498822,-0.1960498046875,0.009745161509513859,0.09871758460129512,0.5848890323095381,-1.21133694653327,-0.88118408203125,0.00799617416262627,0.0894213294612995,0.2362185721817311,-0.561520659741769,11.13875,79.76363906250002,8.931049157993701,-0.7880730345904894,0.022398366952025572,18.19625,563.6732828125001,23.741804539935462,0.25908612685717686,-0.9045841457254449,25.63625,124.11002968749997,11.140468108993444,0.17456942275109555,-1.0017426990055898
111,0.658828125,0.05420060195922856,0.23281022735100912,0.4155932056053089,-0.7886699284538246,-0.16872314453125,0.007653274649381636,0.0874829963443276,0.8004547746315224,-0.26172040905222005,0.18778564453125,0.5510203028380868,0.7423074180136466,0.09566941086573974,-1.665383521658499,-37.378125,401.13862304687495,20.02844534772669,-0.524170598619551,-1.0584122632816784,125.926875,1616.4571917968758,40.20518861784976,-0.07177148574385671,-1.4060726710289868,28.360625,1555.0275667968742,39.43383784006921,0.21364445997094234,-0.9656180568874335
112,0.9629833984375,0.04061558458805087,0.20153308559154962,0.530641256625847,-1.1720598254570869,0.0054931640625,0.03025450646877289,0.17393822601364223,0.038580431021691876,-1.3272372933801535,0.4496240234375,0.07064032580852504,0.26578247837004804,0.5980507836748185,-1.3634530724352876,4.47125,594.1609703125,24.375417336170884,-0.683503824742003,-0.9631075369742059,34.895625,3428.8521917968783,58.55640180028891,0.9847208463760472,-0.6812195642733712,-27.43,4804.639396874998,69.3155061791732,-0.19637567616191176,-1.4308899066726228
113,1.06076416015625,0.022411239022016534,0.1497038376996947,-0.017476554938567406,-1.28372035359684,-0.1466162109375,0.008422685170173647,0.09177518820560188,-0.2332975350940996,-1.1016091702148185,0.4357763671875,0.025088199162483216,0.15839254768606767,-0.2984646694990518,-1.4123381873233047,15.98125,154.01613281250005,12.410323638507581,-0.47138624106912863,-1.0817979701853924,-45.129375,1795.129394921875,42.36896735727548,-0.4300310441994033,-1.371879559711095,3.315,243.52897812499995,15.605415025721038,0.2023810903559063,0.2876592140933587
114,0.67540283203125,0.006875048130750654,0.08291590999772393,1.0369082550602964,0.2396518343219851,-0.07119384765625,0.008632893437147137,0.092913365223455,-0.12645774875034393,-1.1966060215014471,0.0935498046875,0.07499586627483368,0.2738537315335208,-0.12262927763591078,-1.4063498409372985,40.209375,103.690498046875,10.182853138824845,-1.359339800127877,0.9247635240983474,-100.244375,305.32227304687484,17.473473411055824,-0.25173721693601236,-1.2489374932489958,-14.92625,570.0179984375002,23.875049705445644,-0.87298350206654,-0.4852954798037894
115,0.72550048828125,0.0048839788138866445,0.069885469261404,0.08515228956295628,-1.0691824909207677,-0.12772216796875,0.0037058512866497036,0.060875703582379266,-1.429593857727079,1.1081976822324533,-0.5502783203125,0.009734281086921693,0.09866246037334409,-0.413517668630785,-0.9905090110711048,-3.30625,41.79308593749999,6.464757221852959,0.5291728085171531,-1.2552516452195404,-29.5225,607.6904312500001,24.651377877311443,0.06310908801330063,-0.7201335613794915,-2.38,146.31247499999995,12.0959693700009,0.08077755040688489,-1.2964796509438274
116,1.08091064453125,0.047806003206968324,0.21864583967450266,-0.337850149526605,-1.3216790639425309,-0.09954345703125,0.013186183995008467,0.11483111074533968,-0.8282565838461516,-0.7664593092946257,-0.6830029296875,0.0071330537557601935,0.08445740793891436,0.2635339168169413,-0.9455767534463231,-9.22875,126.28931406249994,11.237851843768894,0.4195243955910409,-0.8057581453421605,34.468125,442.15269492187514,21.027427206433867,-0.5753577375931878,-0.3485217948383599,-12.2125,950.9659375000009,30.83773560915264,-0.5289964967045028,-1.0661111402456103
117,0.9817529296875,0.027429992699623124,0.16562002505622056,-0.11991876930850263,-0.7998767976439827,-0.223603515625,0.007302275037765497,0.08545335006753976,0.39982373117090025,-0.932547685166583,-0.74119384765625,0.0038995030581951127,0.06244600113854459,1.4709955103465044,1.1371938938550077,8.954375,90.69592617187502,9.523440878793496,-0.6020905898895024,-1.1390309494993927,0.374375,156.61824179687497,12.51472100355717,-0.09918363256734618,-1.4298928864948395,25.303125,275.10479492187494,16.58628333659699,0.07099044422536677,-1.6475787585119979
118,0.5638427734375,0.028176833987236024,0.1678595662666743,-1.0088285532688435,-0.11179957345571356,-0.17385986328125,0.007865794485807423,0.08868931438345559,0.7269137259474269,0.02654844189281791,-0.015498046875,0.42496817407608006,0.6518958306938925,0.3734262538481253,-1.5284515483777261,-42.1075,109.83899062499997,10.480409850048803,1.0049452068681497,0.932257811464321,79.340625,1775.7640136718758,42.139815064519155,-0.10881444226383559,-1.7237103007779855,35.52875,430.2629234375001,20.74278003155556,-0.005407802206985695,-0.9728695300725572
119,0.9999169921875,0.06371028568744663,0.2524089651487178,0.30785579984338857,-1.434590940870179,-0.0402685546875,0.025355934882164,0.15923546992477525,0.4759390821486046,-0.9439892076639169,0.51284423828125,0.12779222952723507,0.35748039040936924,0.4593294835655957,-1.4522797811316912,1.608125,342.29795742187525,18.501296101135058,-0.7215335856347259,-0.9255615676172733,37.6825,3650.926693749998,60.422898753287214,0.8064747254061654,-1.0160067512136925,-33.76125,1337.6262015625005,36.57357244736287,0.005054052771801558,-1.503554719327483
120,1.019365234375,0.006699395036697384,0.08184983223377666,-1.3406552418347928,1.3044168421203164,-0.11097412109375,0.0014662663638591764,0.038291857670517584,0.9438939813436229,-0.1675937489446504,0.271396484375,0.011263530874252317,0.10612978316312682,0.7706719369898728,-0.3603536012269033,13.64,27.233681249999997,5.218589967606192,0.10117874522650079,-0.9227976421550705,-28.765625,518.202841796875,22.764069095767457,-0.3042699266475917,-0.7420111740437823,-14.125625,150.64605429687504,12.273795431604482,-1.2766676357646662,1.0722700766900166
121,0.7771044921875,0.030377747988700854,0.1742921340413871,0.05112585136721623,-1.5319410744767963,0.00888916015625,0.007637581938505172,0.08739326025790073,-0.05354979334754135,-1.4991731809917062,0.24475830078125,0.058597024029493315,0.24206822184973664,-0.44567205401574606,-1.0533002504363074,49.088125,229.43610117187498,15.147148285135225,-0.020775032662328618,-1.4944799385556624,-98.36625,79.79711093749998,8.932922866425075,0.32107321992097393,-1.4820770197206634,-34.290625,267.42581054687497,16.353159038756854,0.10287330665134069,-1.501133344094813
122,0.78041748046875,0.03196127902865408,0.17877717703514082,-0.13691133381988815,-0.8147787041497989,-0.04673828125,0.014679402494430543,0.12115858407240711,0.1788565582672056,-1.3147995885676411,-0.60201904296875,0.03422811824679375,0.18500842750208366,-0.1881841843929715,-1.6057594859465487,-13.5475,434.5072749999999,20.84483809004042,-0.11186403780894287,-1.3596196047872764,-66.60375,280.16493906249997,16.738128302247535,0.00755032485938154,-1.2382129285755843,14.165625,270.2629980468749,16.439677553007993,-0.503067203859739,-1.2266995778456877
123,0.661416015625,0.012714391613006581,0.11275811107413329,0.9119817407451186,0.45658767899895425,-0.0663330078125,0.010147586464881892,0.10073522951223118,0.6231592728611538,-0.5578927140354666,-0.8577587890625,0.004286495184898378,0.06547133101517319,-0.5776778369349979,-0.6868077193967572,2.731875,109.80525742187508,10.478800380858253,-0.4820289696647737,-0.4418431387498418,2.591875,873.0965980468753,29.548208034445597,-0.6641969296649722,-1.0210278999365492,3.821875,278.6089355468748,16.691582775365397,0.06755521481754799,-1.4014775675360887
124,0.82112060546875,0.010867309206724175,0.10424638702000263,0.22907722805263142,-1.475126662420484,-0.08349365234375,0.004310751551389692,0.06565631387299847,0.508874605390933,-0.7632920083361889,-0.86739013671875,0.021179195708036412,0.14553073801790609,-0.3030032669036323,-1.5343529525661526,-4.730625,35.219273046875,5.934582803102085,0.7712560035089181,-0.5470902790620005,41.631875,105.35116367187506,10.264071495847789,-0.10066159666543113,-1.3199238367049708,-8.826875,220.33858242187503,14.843806197262042,0.12296426089627123,-1.4598322349924993
125,0.78662109375,0.04017000317573547,0.20042455731705003,-0.11534742762543071,-1.6887102900991702,-0.0747705078125,0.0015354950666427614,0.039185393536913235,-0.3100173700470149,-0.6225152286188402,-0.42957763671875,0.19918875500559804,0.4463056744044356,0.3709287633065466,-1.216354674040109,-26.97875,340.45072031250004,18.451306737261188,0.4444002750198822,-1.4605016272702387,54.673125,318.938504296875,17.858849467333414,-0.08956680533219556,-1.1322114793878617,35.8125,574.584921875,23.970501076844428,0.03501222298205853,-1.1793712019484668
126,0.94556640625,0.06683369507789608,0.2585221365335976,-0.6726235490643021,-0.8614017164015837,0.05043701171875,0.006485517138242724,0.08053270849935897,0.03221414588688264,-1.2498169805840607,0.60541748046875,0.05833361422419548,0.24152352726845366,0.013252700960866434,-0.6900777108647538,0.40875,285.76964218750004,16.90472248182442,-0.6350860250811552,-0.25143256296972183,86.88125,2638.9294921875007,51.370511893376154,-0.3171718432527328,-0.9652680028323637,-8.011875,1529.1483355468745,39.10432630217371,0.15672993482248612,-0.7159981040648375
127,0.926748046875,0.012839765453338625,0.11331268884524197,0.06039979781195241,-1.5675530713718533,-0.15509033203125,0.00684762641787529,0.08275038620982557,-0.17234460206634528,-0.5314524115240724,0.2658740234375,0.0033734857797622694,0.05808171639821149,1.0899075578895219,1.1630261969283122,11.964375,174.04220742187485,13.192505729461512,0.5653365529799068,-1.165630398847435,0.08,134.80774062499995,11.610673564655926,-0.628967007733253,-1.0205428372266483,11.52,318.45889687500016,17.8454166909882,-0.5248802361874358,-0.8022942894928571
128,0.969541015625,0.020266088390350344,0.14235901232570541,0.23435178313633134,-1.4240852611177377,-0.03637451171875,0.0032722300231456765,0.05720340919163539,0.6667720079984543,0.01378262002530839,0.49233642578125,0.011721459501981734,0.10826568940334576,0.01157631693129277,-0.23474572801300697,16.485625,105.60733242187506,10.276542824407198,-0.28575869628631656,-0.9468434882012242,-82.498125,447.4648792968753,21.15336567302885,1.00880246257553,-0.11760040346138823,-38.719375,392.94644492187484,19.822876807413067,0.12160874044591767,-0.5219844615711207
129,0.73004150390625,0.007937355488538743,0.0890918373844582,0.06730208237914505,-0.5361200643343844,0.11928466796875,0.0045034242808818835,0.06710755755413755,-0.24148905477539187,-1.1638102699121442,-0.2873974609375,0.0413945464849472,0.20345649777027816,0.9922294666590928,-0.34006566171403607,-5.66625,192.67775156250008,13.880841169125885,0.6482821385309694,-0.9897830906885128,-80.77375,279.9588890625001,16.73197206137101,-0.407913069385104,-1.4271944657828863,1.466875,1208.0899574218754,34.7575884868596,-0.13770281782207033,-1.283532858998169
130,0.74919677734375,0.008539145344495777,0.09240749614882862,-0.2847148069891459,-1.1560216838301314,-0.04658203125,0.014196888208389276,0.1191506953751814,0.14054779151871413,-0.9659985939294264,-0.85035888671875,0.022472026652097715,0.1499067265071775,0.5983646326097165,-0.4160708644264206,20.230625,395.3348980468748,19.88303040401223,0.1725422818328443,-1.4088001741907832,5.868125,2452.9120230468743,49.52688182236869,-0.3999217573736831,-1.5601261293779443,-12.810625,333.6523792968748,18.26615392732895,-0.8184281349548812,-0.5587037298681139
131,0.9855810546875,0.016954655432701114,0.130210043517008,0.26052384201560613,-1.0318773127648273,-0.18337646484375,0.030045306557416915,0.17333582017983737,-1.5104081769341235,0.8385920299363536,-0.74196533203125,0.03415738593935967,0.18481716895180403,-0.4783155007781408,-0.693278787232595,-5.2975,632.1849312500002,25.143287996004027,-0.8686223728629185,0.05436679162510494,7.69875,937.2441703125005,30.61444381844133,-0.6205490198768969,-0.24332563413449293,26.9675,1069.5414437500003,32.703844479663246,0.30118226856490493,-0.7942097879641437
132,0.694892578125,0.052193563079834,0.22845910592452645,0.08288246064933968,-0.30016337658024295,-0.000341796875,0.05411509633064267,0.23262651682609758,-0.6008548639736058,-0.36024780242340393,-0.67919189453125,0.15897079879641532,0.39871142295702455,0.06281094029575228,-1.0670091753699775,-52.5275,252.84369687499984,15.901059614849567,-0.09905385369462238,-0.7258979107923764,25.963125,1918.7793824218759,43.80387405723238,-0.3625075691587306,-0.5905460746386044,18.980625,962.7111480468753,31.02758688726655,0.06703172921875836,-0.9988021292734524
133,0.87779296875,0.19490111508369443,0.44147606399859823,0.5108872945539755,-0.7828202154614301,-0.09316162109375,0.08765601050257686,0.2960675775943338,-0.30380077226882846,-1.2341073751450675,0.72676025390625,0.16664973937869074,0.4082275583283063,0.25148698699448646,-1.447902064760994,18.07,1085.2583031250006,32.94325884190877,-0.1639564533986483,-0.6087578115013761,119.249375,5801.487226171874,76.16749455096888,0.1869566680004889,-1.3110081789700665,39.768125,4923.975882421877,70.1710473231081,0.020518947975295382,-1.4098168990390798
134,0.89079345703125,0.013396521443128586,0.11574334297543244,-0.33421102400310826,-1.3711440924653344,-0.2749560546875,0.003206861710548401,0.05662915954301636,1.2422736546047086,0.42858398737710557,0.2569677734375,0.0037933545351028454,0.061590214605104644,-0.43240833343386564,-0.9393253535832637,16.6975,132.783025,11.52315169560828,-0.07865718019779222,-1.440354310729989,0.005625,112.550866796875,10.608999330609603,0.723947036074678,-0.9226471064541619,-0.975625,436.76421054687523,20.898904529828236,0.3615929013162136,-1.0857517150024916
135,1.01517822265625,0.006282932823896406,0.07926495331416278,0.3488140156149105,-1.056528535875505,-0.1512646484375,0.004367083525657654,0.06608391275989682,0.39162759980155354,-0.3507731306722257,0.44745361328125,0.004565503424406053,0.06756850911782836,-0.04100924496351199,-0.10974772274362765,17.591875,111.49370742187497,10.55905807455736,0.9190330181170543,-0.19615209749394502,-63.034375,574.2506542968746,23.963527584578916,1.0018382819039837,-0.5108590629130783,-25.500625,530.4463667968752,23.031421293460706,0.3069772585488065,-1.1725525035056754
136,0.74352783203125,0.006763138169050216,0.08223830110751447,-0.7334317515272326,-0.5087988235590779,0.0058544921875,0.0052357196569442765,0.0723582728991252,-0.9868565540545561,-0.17644573450823664,0.04421875,0.061023513412475576,0.24702937763042593,-0.13807997484681145,-1.436591991164096,17.345625,567.001207421875,23.81178715304408,-1.488331485859317,1.3996880088593366,-91.895,81.55483437499998,9.030771527117713,-0.35162907617342326,-0.7920060361115748,1.019375,1459.1573199218751,38.198917784694835,1.0863140229073542,0.2275739006867683
137,0.6528076171875,0.013750737309455877,0.11726353785152432,0.44288221698429997,-1.1759029771432248,-0.17693359375,0.011171884632110596,0.10569713634772986,-0.031707331734829376,-1.0968611529788843,-0.87987548828125,0.035803869313001634,0.18921910398530492,1.367154410929085,0.4197742693610591,-26.13625,602.0103421874999,24.535899049912555,-0.9829264934292415,-0.5339119879803169,-21.125,3311.545390625,57.54602845223118,-0.2771129882894341,-1.493053118169002,11.873125,8134.488785546875,90.19140084036214,0.26325019596511756,-1.3570659444862812
138,1.00138916015625,0.020931007498502727,0.14467552487723254,0.37664147039272855,-1.0612189572525443,-0.200205078125,0.0007413386344909665,0.02722753449159447,0.09699760234485161,-0.7503808584273091,-0.78292724609375,0.009658473318815232,0.09827753211601943,-0.3589317634001664,-1.5596426078709418,10.93625,83.10046718749996,9.11594576483976,-0.8426725873633821,-0.250500434430875,-3.34875,545.8563421875,23.36356869546046,0.31629750122035716,-1.5228871500078347,5.051875,101.581644921875,10.078771994736016,0.7142695536781225,-0.4653889432047409
139,0.70240966796875,0.033316155976057055,0.18252713764275452,-0.4581385176634361,0.22242378970988907,-0.16056884765625,0.003967219227552413,0.06298586529970365,-0.23986909945551255,-1.2336843535836857,-0.6791943359375,0.056647192215919476,0.23800670624148276,0.44301723458810344,-1.4167879386977342,13.625,190.345625,13.796580192207053,-0.970025561271259,0.02249783465256483,34.505,893.7430999999997,29.895536456133375,0.3816893591468081,-1.1726740809974165,-2.850625,311.81889804687506,17.658394548963816,-0.01064262131936461,-0.876184631807881
140,0.692158203125,0.08477150759696958,0.2911554698043119,-0.15753877175813683,-1.4778315123659327,-0.07579833984375,0.003963690346479418,0.0629578457896982,0.6659919211712484,0.19863358071879933,0.42996826171875,0.14448281571269037,0.3801089524237628,-0.38012530919648635,-0.915524215576399,-16.714375,171.73134804687507,13.104630786362318,-0.059774703722009936,-1.1666946277222512,125.160625,552.2301761718751,23.49957821263767,0.6062178823606444,-0.6976371009329752,13.49625,574.3838921875001,23.966307437473553,-0.17718863556724151,-1.2625743324134138
141,0.9713623046875,0.024592570662498477,0.15682018576222412,0.43330108609178114,-1.0243956623215857,-0.15989990234375,0.012759258002042766,0.11295688558933788,0.5990500921303202,-0.9356749774116002,0.3910302734375,0.023651397490501415,0.15379010855871522,1.0437890126747937,-0.18620087084159076,11.585,76.79269687499999,8.763144234519936,-0.8722331130536589,-0.04396673773020465,11.86,976.6791500000004,31.25186634426815,1.5538906185447257,1.7556832690288156,-24.885625,1772.1785199218748,42.097250740658524,-0.5639580066874557,-1.1842659478091984
142,0.8914892578125,0.04199659516811371,0.20493070821161408,0.15495920981253022,-1.479747388995153,0.02984375,0.009856882238388055,0.09928183236820347,-0.31118716155656045,-0.6332106586676738,0.50125244140625,0.0197439559161663,0.14051318769484344,-0.6629644979808019,-0.985751497386762,17.2,341.1208593750001,18.469457473759213,-0.6496206541644058,-1.041227517115561,-75.320625,551.8702074218747,23.49191791705979,0.8453081276202727,-0.52895134649359,-14.485,199.18946250000002,14.113449702322958,0.29310120226407227,-0.15119665937783333
143,0.7318359375,0.0037427961826324457,0.06117839637186027,-0.3892160646761016,-1.1634767031726683,-0.06661865234375,0.011147088593244552,0.10557977359913476,0.6604705879374532,-0.945019720952748,-0.14677490234375,0.06234249913096427,0.2496847995592929,-0.350464250552624,-1.2905195200495763,22.9275,221.9593531250001,14.898300343495565,0.18062312923717433,-1.7799051718697296,-77.3625,128.241796875,11.324389470298167,1.222125645298013,0.5438475455271745,7.223125,106.20751992187505,10.305703271580986,-1.2729619706150315,0.08906055365111731
144,0.997373046875,0.054360196733474773,0.2331527326313693,-0.01450273193638561,-1.5968111196217407,-0.275703125,0.011238706207275385,0.10601276436012498,0.37404841989439863,-0.7085172526684378,-0.7845654296875,0.009574345564842227,0.0978485848893188,0.8257398570785127,-0.35988851096650665,-2.715,79.41143125,8.91130917710748,-0.16823825160718622,-1.195606908688914,23.954375,919.0490511718741,30.315821796083213,-0.9637939261026551,-0.5968496056393255,-30.99375,1371.2783203124993,37.030775313413294,-0.7134166548208007,-0.9484572108115996
145,1.11067138671875,0.035285385483503344,0.18784404564293047,-0.0846019925879105,-1.118112738476362,-0.1298681640625,0.008568877959251408,0.09256823407223132,-0.35559105029147764,-1.2668467480665884,-0.73689453125,0.006322176313400268,0.07951211425562943,-0.6638727840470666,-0.32017881620930133,9.421875,25.565576171875,5.056241308706992,1.2442796979747472,0.06965212802518117,-19.4775,215.40683749999994,14.676744785544237,1.7345069688019723,2.8557101628356474,52.99375,672.7188671875001,25.93682453939765,-0.13222017729984453,-0.15865458128343635
